{"cameraMode":{"drawMode":0,"name":"Shaded","section":"Shading Mode"},"sceneLighting":false,"audioPlay":false,"sceneViewState":{"m_AlwaysRefresh":false,"showFog":true,"showSkybox":false,"showFlares":true,"showImageEffects":true,"showParticleSystems":true,"showVisualEffectGraphs":true,"m_FxEnabled":true},"in2DMode":false,"pivot":{"x":-10.886245727539063,"y":5.101729869842529,"z":-61.84278869628906},"rotation":{"x":-0.07970456779003144,"y":0.014859441667795182,"z":-0.001221761922352016,"w":-0.9965627789497376},"size":7.748497486114502,"orthographic":false}