{"cameraMode":{"drawMode":0,"name":"Shaded","section":"Shading Mode"},"sceneLighting":false,"audioPlay":false,"sceneViewState":{"m_AlwaysRefresh":false,"showFog":true,"showSkybox":false,"showFlares":true,"showImageEffects":true,"showParticleSystems":true,"showVisualEffectGraphs":true,"m_FxEnabled":true},"in2DMode":false,"pivot":{"x":-5.27030086517334,"y":3.517096996307373,"z":0.06978940963745117},"rotation":{"x":0.22950483858585359,"y":0.6912994980812073,"z":-0.24873143434524537,"w":0.6381766200065613},"size":0.04188872128725052,"orthographic":false}