{"cameraMode":{"drawMode":0,"name":"Shaded","section":"Shading Mode"},"sceneLighting":true,"audioPlay":false,"sceneViewState":{"m_AlwaysRefresh":false,"showFog":true,"showSkybox":true,"showFlares":true,"showImageEffects":true,"showParticleSystems":true,"showVisualEffectGraphs":true,"m_FxEnabled":true},"in2DMode":false,"pivot":{"x":743.3902587890625,"y":353.79302978515627,"z":-48.254638671875},"rotation":{"x":0.08420174568891525,"y":0.013445199467241764,"z":-0.0011378842173144222,"w":0.9963560700416565},"size":622.7162475585938,"orthographic":true}