{"cameraMode":{"drawMode":0,"name":"Shaded","section":"Shading Mode"},"sceneLighting":true,"audioPlay":false,"sceneViewState":{"m_AlwaysRefresh":false,"showFog":true,"showSkybox":true,"showFlares":true,"showImageEffects":true,"showParticleSystems":true,"showVisualEffectGraphs":true,"m_FxEnabled":true},"in2DMode":false,"pivot":{"x":27.626569747924806,"y":2.0346357822418215,"z":-38.609073638916019},"rotation":{"x":0.021077794954180719,"y":0.9630833864212036,"z":-0.07997150719165802,"w":0.25562813878059389},"size":15.148956298828125,"orthographic":false}