{"cameraMode":{"drawMode":0,"name":"Shaded","section":"Shading Mode"},"sceneLighting":true,"audioPlay":false,"sceneViewState":{"m_AlwaysRefresh":false,"showFog":true,"showSkybox":true,"showFlares":true,"showImageEffects":true,"showParticleSystems":true,"showVisualEffectGraphs":true,"m_FxEnabled":true},"in2DMode":false,"pivot":{"x":30.616317749023439,"y":-5.180200099945068,"z":-48.21653747558594},"rotation":{"x":0.0004920518258586526,"y":-0.9969937205314636,"z":0.006357095204293728,"w":-0.07276331633329392},"size":5.747914791107178,"orthographic":false}