{"cameraMode":{"drawMode":0,"name":"Shaded","section":"Shading Mode"},"sceneLighting":true,"audioPlay":false,"sceneViewState":{"m_AlwaysRefresh":false,"showFog":true,"showSkybox":true,"showFlares":true,"showImageEffects":true,"showParticleSystems":true,"showVisualEffectGraphs":true,"m_FxEnabled":true},"in2DMode":false,"pivot":{"x":-3.5801966190338136,"y":1.8321866989135743,"z":35.48811340332031},"rotation":{"x":-0.05591170862317085,"y":-0.2107701301574707,"z":0.012392235919833184,"w":-0.9756832122802734},"size":3.8286354541778566,"orthographic":false}