{"cameraMode":{"drawMode":0,"name":"Shaded","section":"Shading Mode"},"sceneLighting":true,"audioPlay":false,"sceneViewState":{"m_AlwaysRefresh":false,"showFog":true,"showSkybox":true,"showFlares":true,"showImageEffects":true,"showParticleSystems":true,"showVisualEffectGraphs":true,"m_FxEnabled":true},"in2DMode":false,"pivot":{"x":31.322919845581056,"y":0.2659091353416443,"z":107.27589416503906},"rotation":{"x":-0.4934554696083069,"y":-0.08896734565496445,"z":0.05138997361063957,"w":-0.8633208274841309},"size":5.747914791107178,"orthographic":false}