{"cameraMode":{"drawMode":0,"name":"Shaded","section":"Shading Mode"},"sceneLighting":true,"audioPlay":false,"sceneViewState":{"m_AlwaysRefresh":false,"showFog":true,"showSkybox":true,"showFlares":true,"showImageEffects":true,"showParticleSystems":true,"showVisualEffectGraphs":true,"m_FxEnabled":true},"in2DMode":false,"pivot":{"x":39.28043746948242,"y":12.725971221923829,"z":264.2267150878906},"rotation":{"x":-0.14968737959861756,"y":0.005379180423915386,"z":-0.00039897041278891265,"w":-0.9883615374565125},"size":16.269989013671876,"orthographic":false}