{"cameraMode":{"drawMode":0,"name":"Shaded","section":"Shading Mode"},"sceneLighting":true,"audioPlay":false,"sceneViewState":{"m_AlwaysRefresh":false,"showFog":true,"showSkybox":true,"showFlares":true,"showImageEffects":true,"showParticleSystems":true,"showVisualEffectGraphs":true,"m_FxEnabled":true},"in2DMode":false,"pivot":{"x":1399.3890380859375,"y":581.2688598632813,"z":130.16787719726563},"rotation":{"x":-0.28136172890663149,"y":-0.22950072586536408,"z":0.07028444856405258,"w":-0.9288362860679627},"size":183.99359130859376,"orthographic":false}