{"cameraMode":{"drawMode":0,"name":"Shaded","section":"Shading Mode"},"sceneLighting":true,"audioPlay":false,"sceneViewState":{"m_AlwaysRefresh":false,"showFog":true,"showSkybox":true,"showFlares":true,"showImageEffects":true,"showParticleSystems":true,"showVisualEffectGraphs":true,"m_FxEnabled":true},"in2DMode":false,"pivot":{"x":28.573707580566408,"y":-13.766783714294434,"z":-23.50693702697754},"rotation":{"x":0.19553513824939729,"y":-0.007360815070569515,"z":0.001466364599764347,"w":0.9806646704673767},"size":16.269989013671876,"orthographic":false}