{"cameraMode":{"drawMode":0,"name":"Shaded","section":"Shading Mode"},"sceneLighting":true,"audioPlay":false,"sceneViewState":{"m_AlwaysRefresh":false,"showFog":true,"showSkybox":true,"showFlares":true,"showImageEffects":true,"showParticleSystems":true,"showVisualEffectGraphs":true,"m_FxEnabled":true},"in2DMode":false,"pivot":{"x":28.20193862915039,"y":0.09000015258789063,"z":-51.06178283691406},"rotation":{"x":-0.11549457907676697,"y":-0.010993569158017636,"z":0.0016936503816395999,"w":-0.9928905367851257},"size":16.269989013671876,"orthographic":false}