{"cameraMode":{"drawMode":0,"name":"Shaded","section":"Shading Mode"},"sceneLighting":true,"audioPlay":false,"sceneViewState":{"m_AlwaysRefresh":false,"showFog":true,"showSkybox":true,"showFlares":true,"showImageEffects":true,"showParticleSystems":true,"showVisualEffectGraphs":true,"m_FxEnabled":true},"in2DMode":false,"pivot":{"x":27.329418182373048,"y":-4.0283026695251469,"z":-40.31352615356445},"rotation":{"x":-0.04527553170919418,"y":0.012885008007287979,"z":-0.0000917758370633237,"w":-0.9985222220420837},"size":11.642984390258789,"orthographic":false}