{"cameraMode":{"drawMode":0,"name":"Shaded","section":"Shading Mode"},"sceneLighting":false,"audioPlay":false,"sceneViewState":{"m_AlwaysRefresh":false,"showFog":true,"showSkybox":false,"showFlares":true,"showImageEffects":true,"showParticleSystems":true,"showVisualEffectGraphs":true,"m_FxEnabled":true},"in2DMode":false,"pivot":{"x":29.233917236328126,"y":9.797468185424805,"z":13.577159881591797},"rotation":{"x":-0.09649799764156342,"y":0.20194242894649507,"z":0.019841255620121957,"w":0.974279522895813},"size":77.11082458496094,"orthographic":false}