{"cameraMode":{"drawMode":0,"name":"Shaded","section":"Shading Mode"},"sceneLighting":false,"audioPlay":false,"sceneViewState":{"m_AlwaysRefresh":false,"showFog":true,"showSkybox":false,"showFlares":true,"showImageEffects":true,"showParticleSystems":true,"showVisualEffectGraphs":true,"m_FxEnabled":true},"in2DMode":false,"pivot":{"x":-15.369653701782227,"y":57.97897720336914,"z":-81.89494323730469},"rotation":{"x":-0.5385708212852478,"y":-0.00019789609359577298,"z":-0.00014696025755256414,"w":-0.842449963092804},"size":5.724076271057129,"orthographic":false}