{"cameraMode":{"drawMode":0,"name":"Shaded","section":"Shading Mode"},"sceneLighting":false,"audioPlay":false,"sceneViewState":{"m_AlwaysRefresh":false,"showFog":true,"showSkybox":false,"showFlares":true,"showImageEffects":true,"showParticleSystems":true,"showVisualEffectGraphs":true,"m_FxEnabled":true},"in2DMode":false,"pivot":{"x":-12.642993927001954,"y":31.487167358398439,"z":-84.22157287597656},"rotation":{"x":-0.36062103509902956,"y":0.039024244993925098,"z":-0.015245536342263222,"w":-0.9316835999488831},"size":5.724076271057129,"orthographic":false}