{"cameraMode":{"drawMode":0,"name":"Shaded","section":"Shading Mode"},"sceneLighting":false,"audioPlay":false,"sceneViewState":{"m_AlwaysRefresh":false,"showFog":true,"showSkybox":false,"showFlares":true,"showImageEffects":true,"showParticleSystems":true,"showVisualEffectGraphs":true,"m_FxEnabled":true},"in2DMode":false,"pivot":{"x":-12.220293045043946,"y":30.993541717529298,"z":-84.67440032958985},"rotation":{"x":-0.3886868953704834,"y":0.016449812799692155,"z":-0.007083292584866285,"w":-0.9211068749427795},"size":5.724076271057129,"orthographic":false}