{"cameraMode":{"drawMode":0,"name":"Shaded","section":"Shading Mode"},"sceneLighting":false,"audioPlay":false,"sceneViewState":{"m_AlwaysRefresh":false,"showFog":true,"showSkybox":false,"showFlares":true,"showImageEffects":true,"showParticleSystems":true,"showVisualEffectGraphs":true,"m_FxEnabled":true},"in2DMode":false,"pivot":{"x":-27.71745491027832,"y":5.7894086837768559,"z":-45.69325637817383},"rotation":{"x":-0.1748802363872528,"y":0.007285049185156822,"z":-0.0013805414782837034,"w":-0.9844484329223633},"size":5.724076271057129,"orthographic":false}