{"cameraMode":{"drawMode":0,"name":"Shaded","section":"Shading Mode"},"sceneLighting":false,"audioPlay":false,"sceneViewState":{"m_AlwaysRefresh":false,"showFog":true,"showSkybox":false,"showFlares":true,"showImageEffects":true,"showParticleSystems":true,"showVisualEffectGraphs":true,"m_FxEnabled":true},"in2DMode":false,"pivot":{"x":-23.76487159729004,"y":11.324443817138672,"z":-23.236827850341798},"rotation":{"x":-0.18516835570335389,"y":0.01903367228806019,"z":-0.003795939264819026,"w":-0.9823633432388306},"size":7.127589225769043,"orthographic":false}