{"cameraMode":{"drawMode":0,"name":"Shaded","section":"Shading Mode"},"sceneLighting":false,"audioPlay":false,"sceneViewState":{"m_AlwaysRefresh":false,"showFog":true,"showSkybox":false,"showFlares":true,"showImageEffects":true,"showParticleSystems":true,"showVisualEffectGraphs":true,"m_FxEnabled":true},"in2DMode":false,"pivot":{"x":-11.463027954101563,"y":20.294504165649415,"z":-67.54476928710938},"rotation":{"x":-0.20287397503852845,"y":0.004313075914978981,"z":-0.0009331952896900475,"w":-0.9791199564933777},"size":7.127589225769043,"orthographic":false}