{"cameraMode":{"drawMode":0,"name":"Shaded","section":"Shading Mode"},"sceneLighting":false,"audioPlay":false,"sceneViewState":{"m_AlwaysRefresh":false,"showFog":true,"showSkybox":false,"showFlares":true,"showImageEffects":true,"showParticleSystems":true,"showVisualEffectGraphs":true,"m_FxEnabled":true},"in2DMode":false,"pivot":{"x":-0.20163702964782716,"y":0.22191238403320313,"z":3.3259172439575197},"rotation":{"x":-0.35668137669563296,"y":0.014285554178059101,"z":-0.0052644493989646439,"w":-0.9339504241943359},"size":14.621208190917969,"orthographic":false}