{"cameraMode":{"drawMode":0,"name":"Shaded","section":"Shading Mode"},"sceneLighting":false,"audioPlay":false,"sceneViewState":{"m_AlwaysRefresh":false,"showFog":true,"showSkybox":false,"showFlares":true,"showImageEffects":true,"showParticleSystems":true,"showVisualEffectGraphs":true,"m_FxEnabled":true},"in2DMode":false,"pivot":{"x":0.22633147239685059,"y":0.6729943156242371,"z":-72.12986755371094},"rotation":{"x":-0.2970869243144989,"y":0.02706177346408367,"z":-0.008632134646177292,"w":-0.9542955756187439},"size":10.789627075195313,"orthographic":false}