{"cameraMode":{"drawMode":0,"name":"Shaded","section":"Shading Mode"},"sceneLighting":false,"audioPlay":false,"sceneViewState":{"m_AlwaysRefresh":false,"showFog":true,"showSkybox":false,"showFlares":true,"showImageEffects":true,"showParticleSystems":true,"showVisualEffectGraphs":true,"m_FxEnabled":true},"in2DMode":false,"pivot":{"x":0.2850832939147949,"y":-0.02706003189086914,"z":1.9358901977539063},"rotation":{"x":-0.35668137669563296,"y":0.014285554178059101,"z":-0.0052644493989646439,"w":-0.9339504241943359},"size":13.577127456665039,"orthographic":false}