{"cameraMode":{"drawMode":0,"name":"Shaded","section":"Shading Mode"},"sceneLighting":false,"audioPlay":false,"sceneViewState":{"m_AlwaysRefresh":false,"showFog":true,"showSkybox":false,"showFlares":true,"showImageEffects":true,"showParticleSystems":true,"showVisualEffectGraphs":true,"m_FxEnabled":true},"in2DMode":false,"pivot":{"x":12.940503120422364,"y":-8.740816116333008,"z":65.05148315429688},"rotation":{"x":0.16813962161540986,"y":-0.44379284977912905,"z":0.08443104475736618,"w":0.8759521245956421},"size":2.7769651412963869,"orthographic":false}