{"cameraMode":{"drawMode":0,"name":"Shaded","section":"Shading Mode"},"sceneLighting":false,"audioPlay":false,"sceneViewState":{"m_AlwaysRefresh":false,"showFog":true,"showSkybox":false,"showFlares":true,"showImageEffects":true,"showParticleSystems":true,"showVisualEffectGraphs":true,"m_FxEnabled":true},"in2DMode":false,"pivot":{"x":0.5312522649765015,"y":-3.08530855178833,"z":12.659363746643067},"rotation":{"x":-0.13185752928256989,"y":-0.012455575168132782,"z":0.0020396613981574775,"w":-0.9908278584480286},"size":9.314388275146485,"orthographic":false}