{"cameraMode":{"drawMode":0,"name":"Shaded","section":"Shading Mode"},"sceneLighting":false,"audioPlay":false,"sceneViewState":{"m_AlwaysRefresh":false,"showFog":true,"showSkybox":false,"showFlares":true,"showImageEffects":true,"showParticleSystems":true,"showVisualEffectGraphs":true,"m_FxEnabled":true},"in2DMode":false,"pivot":{"x":0.049045562744140628,"y":-0.1849822998046875,"z":2.9582433700561525},"rotation":{"x":-0.35668137669563296,"y":0.014285554178059101,"z":-0.0052644493989646439,"w":-0.9339504241943359},"size":27.441055297851564,"orthographic":false}