{"cameraMode":{"drawMode":0,"name":"Shaded","section":"Shading Mode"},"sceneLighting":false,"audioPlay":false,"sceneViewState":{"m_AlwaysRefresh":false,"showFog":true,"showSkybox":false,"showFlares":true,"showImageEffects":true,"showParticleSystems":true,"showVisualEffectGraphs":true,"m_FxEnabled":true},"in2DMode":false,"pivot":{"x":-0.7662143707275391,"y":24.816547393798829,"z":-47.199954986572269},"rotation":{"x":0.06283043324947357,"y":-0.5391188859939575,"z":-0.040234871208667758,"w":-0.8387337923049927},"size":25.965463638305665,"orthographic":false}