{"cameraMode":{"drawMode":0,"name":"Shaded","section":"Shading Mode"},"sceneLighting":false,"audioPlay":false,"sceneViewState":{"m_AlwaysRefresh":false,"showFog":true,"showSkybox":false,"showFlares":true,"showImageEffects":true,"showParticleSystems":true,"showVisualEffectGraphs":true,"m_FxEnabled":true},"in2DMode":false,"pivot":{"x":-14.421919822692871,"y":-0.3722374439239502,"z":-16.958980560302736},"rotation":{"x":-0.024301735684275628,"y":0.017912274226546289,"z":-0.0003270801971666515,"w":-0.9993581175804138},"size":23.825593948364259,"orthographic":false}